user_id,subject,date,hour,focus_score,attendance_rate,review_rate,response_time
1,과학,2025-07-15,8,67.5,0.89,0.9,2.11
1,과학,2025-07-15,10,39.7,0.93,0.98,1.86
1,과학,2025-07-15,12,87.2,0.92,0.87,2.36
1,과학,2025-07-15,14,94.3,0.85,0.82,2.32
1,과학,2025-07-15,16,68.1,0.92,0.75,2.72
1,과학,2025-07-15,18,99.9,0.98,0.83,2.32
1,영어,2025-07-16,8,70.9,0.83,0.7,1.81
1,영어,2025-07-16,10,70.3,0.86,0.87,2.18
1,영어,2025-07-16,12,69.2,0.92,0.86,2.35
1,영어,2025-07-16,14,77.6,0.85,0.62,2.45
1,영어,2025-07-16,16,62.5,0.93,0.72,3.0
1,영어,2025-07-16,18,48.9,0.88,0.92,2.44
1,국어,2025-07-17,8,58.8,0.97,0.73,2.08
1,국어,2025-07-17,10,69.7,0.92,0.77,2.57
1,국어,2025-07-17,12,49.6,0.91,0.71,1.98
1,국어,2025-07-17,14,43.0,0.89,0.72,2.31
1,국어,2025-07-17,16,73.0,0.88,0.77,2.52
1,국어,2025-07-17,18,56.0,0.87,0.84,1.96
1,수학,2025-07-18,8,55.4,0.92,0.62,2.52
1,수학,2025-07-18,10,75.0,0.93,0.72,2.16
1,수학,2025-07-18,12,67.2,0.93,0.83,1.91
1,수학,2025-07-18,14,60.0,0.99,0.91,2.16
1,수학,2025-07-18,16,55.2,1.0,0.78,2.74
1,수학,2025-07-18,18,80.1,0.86,0.76,1.08
1,과학,2025-07-19,8,74.3,0.92,0.96,2.85
1,과학,2025-07-19,10,90.4,0.92,0.95,1.77
1,과학,2025-07-19,12,68.2,0.95,0.82,2.37
1,과학,2025-07-19,14,74.6,0.84,0.77,2.63
1,과학,2025-07-19,16,73.9,0.97,0.76,2.33
1,과학,2025-07-19,18,83.9,0.92,0.67,3.31
1,과학,2025-07-20,8,64.9,0.93,0.89,1.66
1,과학,2025-07-20,10,75.2,0.98,0.79,1.3
1,과학,2025-07-20,12,54.7,0.91,1.0,1.0
1,과학,2025-07-20,14,83.8,0.92,0.57,2.04
1,과학,2025-07-20,16,63.3,0.81,0.81,1.88
1,과학,2025-07-20,18,62.0,0.92,0.76,2.55
1,수학,2025-07-21,8,71.5,0.95,0.74,1.84
1,수학,2025-07-21,10,53.3,0.92,0.77,2.11
1,수학,2025-07-21,12,42.4,0.9,0.76,2.84
1,수학,2025-07-21,14,66.4,0.89,0.84,2.08
1,수학,2025-07-21,16,57.4,0.91,0.75,1.17
1,수학,2025-07-21,18,69.9,0.95,0.8,1.55
2,국어,2025-07-15,8,74.6,0.9,0.93,1.54
2,국어,2025-07-15,10,74.7,0.8,0.85,1.95
2,국어,2025-07-15,12,68.2,0.87,0.82,2.27
2,국어,2025-07-15,14,94.0,0.99,0.78,1.16
2,국어,2025-07-15,16,58.4,0.85,1.0,1.28
2,국어,2025-07-15,18,45.9,0.88,0.72,1.8
2,수학,2025-07-16,8,62.0,0.87,0.82,2.22
2,수학,2025-07-16,10,65.4,0.89,0.77,1.62
2,수학,2025-07-16,12,81.6,0.96,0.78,2.22
2,수학,2025-07-16,14,80.3,0.99,0.89,2.15
2,수학,2025-07-16,16,54.4,0.97,0.84,2.92
2,수학,2025-07-16,18,91.3,1.0,0.75,2.7
2,과학,2025-07-17,8,54.6,0.91,0.89,1.0
2,과학,2025-07-17,10,59.8,0.83,0.78,1.97
2,과학,2025-07-17,12,34.3,0.92,0.77,1.9
2,과학,2025-07-17,14,45.3,0.91,0.79,1.88
2,과학,2025-07-17,16,32.2,0.91,0.77,1.94
2,과학,2025-07-17,18,64.5,0.82,0.76,2.03
2,수학,2025-07-18,8,85.7,0.98,0.87,1.5
2,수학,2025-07-18,10,87.0,0.87,0.75,2.75
2,수학,2025-07-18,12,57.3,0.89,0.79,1.84
2,수학,2025-07-18,14,67.7,0.89,0.77,2.49
2,수학,2025-07-18,16,89.1,0.85,0.86,1.46
2,수학,2025-07-18,18,69.9,0.85,0.88,2.0
2,과학,2025-07-19,8,66.3,0.84,0.82,2.22
2,과학,2025-07-19,10,56.2,0.82,0.97,2.15
2,과학,2025-07-19,12,62.2,1.0,0.88,2.16
2,과학,2025-07-19,14,68.5,0.84,0.85,2.61
2,과학,2025-07-19,16,62.3,0.91,0.73,1.32
2,과학,2025-07-19,18,69.1,0.95,0.68,1.58
2,과학,2025-07-20,8,64.3,0.91,1.0,2.02
2,과학,2025-07-20,10,63.7,0.92,1.0,1.72
2,과학,2025-07-20,12,100.0,1.0,0.67,2.04
2,과학,2025-07-20,14,59.3,0.88,0.67,2.32
2,과학,2025-07-20,16,74.1,0.91,0.75,2.46
2,과학,2025-07-20,18,82.4,0.85,0.79,1.54
2,영어,2025-07-21,8,78.3,0.95,0.71,1.23
2,영어,2025-07-21,10,67.1,0.92,0.82,2.4
2,영어,2025-07-21,12,71.5,0.88,0.96,2.42
2,영어,2025-07-21,14,74.8,0.86,1.0,1.86
2,영어,2025-07-21,16,85.6,0.93,0.82,1.84
2,영어,2025-07-21,18,64.1,0.91,0.76,2.05
3,국어,2025-07-15,8,75.0,0.91,0.88,2.47
3,국어,2025-07-15,10,64.7,0.82,0.75,1.64
3,국어,2025-07-15,12,42.5,0.96,0.72,2.29
3,국어,2025-07-15,14,84.5,0.87,0.78,2.03
3,국어,2025-07-15,16,93.9,0.91,0.76,1.98
3,국어,2025-07-15,18,81.0,0.92,0.79,1.27
3,영어,2025-07-16,8,72.5,0.93,0.73,1.71
3,영어,2025-07-16,10,74.9,0.87,0.73,2.62
3,영어,2025-07-16,12,66.6,0.96,0.9,2.01
3,영어,2025-07-16,14,41.6,0.84,0.82,2.12
3,영어,2025-07-16,16,64.8,0.87,0.81,1.45
3,영어,2025-07-16,18,49.6,0.91,0.73,2.99
3,과학,2025-07-17,8,52.9,0.91,0.83,1.56
3,과학,2025-07-17,10,53.0,0.96,0.79,1.83
3,과학,2025-07-17,12,65.1,0.84,0.77,1.4
3,과학,2025-07-17,14,97.3,1.0,0.78,1.66
3,과학,2025-07-17,16,64.4,0.96,0.7,2.04
3,과학,2025-07-17,18,51.4,0.91,0.88,1.11
3,국어,2025-07-18,8,70.4,0.92,0.78,1.63
3,국어,2025-07-18,10,53.9,1.0,0.92,2.3
3,국어,2025-07-18,12,70.0,0.93,0.84,3.05
3,국어,2025-07-18,14,68.8,0.94,0.65,2.4
3,국어,2025-07-18,16,93.4,0.96,0.78,1.29
3,국어,2025-07-18,18,72.1,0.89,0.8,1.83
3,영어,2025-07-19,8,57.0,0.97,0.74,1.2
3,영어,2025-07-19,10,78.7,0.92,0.69,2.62
3,영어,2025-07-19,12,62.6,0.86,0.88,2.66
3,영어,2025-07-19,14,68.1,0.9,0.86,2.09
3,영어,2025-07-19,16,60.7,0.91,0.92,1.64
3,영어,2025-07-19,18,58.4,0.87,0.79,1.93
3,영어,2025-07-20,8,48.3,0.88,0.83,2.07
3,영어,2025-07-20,10,44.5,0.92,0.8,2.29
3,영어,2025-07-20,12,86.0,0.85,0.82,1.91
3,영어,2025-07-20,14,83.4,0.9,0.9,1.9
3,영어,2025-07-20,16,75.3,0.78,0.77,1.82
3,영어,2025-07-20,18,56.1,0.83,0.7,2.29
3,영어,2025-07-21,8,79.1,0.93,0.68,1.69
3,영어,2025-07-21,10,73.6,0.88,0.85,1.31
3,영어,2025-07-21,12,52.9,1.0,0.72,1.43
3,영어,2025-07-21,14,66.0,0.9,0.63,1.0
3,영어,2025-07-21,16,68.8,0.91,1.0,2.18
3,영어,2025-07-21,18,80.6,0.94,0.77,1.75
4,영어,2025-07-15,8,70.3,0.96,0.65,2.23
4,영어,2025-07-15,10,93.3,0.91,0.76,1.39
4,영어,2025-07-15,12,65.4,0.91,0.71,1.74
4,영어,2025-07-15,14,94.9,0.81,0.76,1.63
4,영어,2025-07-15,16,54.6,0.92,0.7,2.17
4,영어,2025-07-15,18,79.0,0.93,0.81,2.69
4,국어,2025-07-16,8,58.6,0.9,0.85,1.45
4,국어,2025-07-16,10,69.7,0.86,0.89,1.94
4,국어,2025-07-16,12,51.3,0.92,0.65,1.91
4,국어,2025-07-16,14,49.3,0.86,0.76,2.47
4,국어,2025-07-16,16,61.6,0.9,0.91,2.3
4,국어,2025-07-16,18,74.8,0.87,0.92,1.41
4,영어,2025-07-17,8,89.3,0.79,0.87,1.47
4,영어,2025-07-17,10,45.3,0.94,0.82,2.93
4,영어,2025-07-17,12,77.9,0.89,0.73,1.64
4,영어,2025-07-17,14,91.1,0.96,0.78,1.66
4,영어,2025-07-17,16,61.0,0.92,0.64,2.25
4,영어,2025-07-17,18,53.0,0.84,0.76,2.24
4,영어,2025-07-18,8,61.5,0.87,0.79,2.2
4,영어,2025-07-18,10,51.3,0.92,0.49,2.49
4,영어,2025-07-18,12,90.0,0.86,0.7,1.82
4,영어,2025-07-18,14,45.2,0.91,0.87,1.69
4,영어,2025-07-18,16,36.5,0.9,0.71,1.67
4,영어,2025-07-18,18,30.9,0.87,0.73,1.86
4,영어,2025-07-19,8,64.2,0.92,0.9,1.45
4,영어,2025-07-19,10,44.4,0.93,0.76,1.74
4,영어,2025-07-19,12,63.7,0.93,0.81,1.86
4,영어,2025-07-19,14,70.9,0.9,0.88,2.04
4,영어,2025-07-19,16,52.7,0.95,0.85,1.51
4,영어,2025-07-19,18,65.8,0.92,0.75,2.36
4,수학,2025-07-20,8,92.1,1.0,0.76,2.41
4,수학,2025-07-20,10,72.2,0.97,0.93,2.07
4,수학,2025-07-20,12,78.5,0.89,0.78,2.2
4,수학,2025-07-20,14,78.7,0.92,0.67,1.57
4,수학,2025-07-20,16,74.3,0.95,0.75,2.86
4,수학,2025-07-20,18,61.3,0.84,0.75,1.14
4,과학,2025-07-21,8,52.0,0.84,0.74,1.61
4,과학,2025-07-21,10,94.7,0.93,0.72,1.44
4,과학,2025-07-21,12,89.5,0.89,0.85,1.98
4,과학,2025-07-21,14,63.5,0.87,0.76,2.19
4,과학,2025-07-21,16,40.8,0.87,0.73,1.0
4,과학,2025-07-21,18,60.0,0.81,0.75,2.6
5,영어,2025-07-15,8,57.0,0.94,0.82,2.94
5,영어,2025-07-15,10,56.0,0.88,0.7,1.43
5,영어,2025-07-15,12,61.4,0.88,0.77,1.47
5,영어,2025-07-15,14,100.0,0.86,0.71,2.56
5,영어,2025-07-15,16,60.6,0.98,0.84,2.19
5,영어,2025-07-15,18,66.8,0.91,0.85,1.62
5,국어,2025-07-16,8,99.6,0.87,0.94,2.18
5,국어,2025-07-16,10,100.0,0.9,0.84,1.29
5,국어,2025-07-16,12,49.2,0.96,0.84,2.8
5,국어,2025-07-16,14,38.1,0.87,0.91,2.04
5,국어,2025-07-16,16,79.3,0.9,0.79,1.9
5,국어,2025-07-16,18,57.4,0.92,0.9,2.95
5,과학,2025-07-17,8,78.9,0.9,0.52,1.75
5,과학,2025-07-17,10,50.8,0.92,0.9,2.38
5,과학,2025-07-17,12,86.4,0.89,0.7,3.1
5,과학,2025-07-17,14,83.8,0.87,0.69,2.01
5,과학,2025-07-17,16,65.5,0.89,0.88,2.26
5,과학,2025-07-17,18,40.7,0.94,0.75,1.67
5,국어,2025-07-18,8,66.5,0.91,0.88,1.39
5,국어,2025-07-18,10,62.5,0.9,0.98,2.46
5,국어,2025-07-18,12,57.6,0.84,0.96,2.22
5,국어,2025-07-18,14,92.6,0.9,0.9,1.28
5,국어,2025-07-18,16,70.7,0.92,0.83,1.79
5,국어,2025-07-18,18,78.7,0.98,0.75,2.11
5,국어,2025-07-19,8,56.7,0.88,0.71,2.86
5,국어,2025-07-19,10,66.5,0.91,0.83,2.41
5,국어,2025-07-19,12,77.4,0.86,0.87,2.28
5,국어,2025-07-19,14,48.9,0.83,0.73,1.96
5,국어,2025-07-19,16,61.8,0.96,0.78,2.11
5,국어,2025-07-19,18,90.0,0.91,0.68,1.95
5,영어,2025-07-20,8,53.0,0.93,0.82,2.37
5,영어,2025-07-20,10,63.0,0.91,0.98,2.09
5,영어,2025-07-20,12,95.1,0.86,0.61,1.13
5,영어,2025-07-20,14,99.6,0.92,0.78,1.54
5,영어,2025-07-20,16,56.3,0.87,0.79,1.72
5,영어,2025-07-20,18,83.8,0.97,0.89,2.15
5,영어,2025-07-21,8,70.9,0.89,0.85,1.7
5,영어,2025-07-21,10,89.1,0.9,0.79,1.02
5,영어,2025-07-21,12,84.9,0.74,0.79,1.9
5,영어,2025-07-21,14,64.2,0.8,1.0,1.0
5,영어,2025-07-21,16,84.3,0.93,0.86,2.44
5,영어,2025-07-21,18,70.1,0.96,0.79,1.7
6,과학,2025-07-15,8,100.0,0.88,0.78,1.63
6,과학,2025-07-15,10,43.5,0.88,0.68,1.77
6,과학,2025-07-15,12,53.5,0.87,0.73,1.0
6,과학,2025-07-15,14,67.4,0.88,0.72,1.72
6,과학,2025-07-15,16,68.6,0.83,0.72,1.42
6,과학,2025-07-15,18,60.7,0.95,0.88,1.73
6,수학,2025-07-16,8,90.6,0.87,0.79,1.27
6,수학,2025-07-16,10,55.1,0.92,0.83,1.49
6,수학,2025-07-16,12,70.6,0.94,0.67,2.12
6,수학,2025-07-16,14,60.4,0.92,0.84,2.01
6,수학,2025-07-16,16,58.9,0.88,1.0,1.98
6,수학,2025-07-16,18,51.4,0.88,0.87,1.84
6,국어,2025-07-17,8,49.7,0.82,0.67,2.24
6,국어,2025-07-17,10,81.3,0.9,0.79,2.54
6,국어,2025-07-17,12,59.6,0.92,0.88,2.08
6,국어,2025-07-17,14,73.9,0.94,0.91,1.55
6,국어,2025-07-17,16,77.0,0.83,0.82,3.18
6,국어,2025-07-17,18,66.1,0.83,0.82,1.75
6,과학,2025-07-18,8,72.0,0.96,0.97,2.86
6,과학,2025-07-18,10,75.2,0.91,0.8,3.2
6,과학,2025-07-18,12,82.8,0.87,0.68,1.6
6,과학,2025-07-18,14,83.8,0.88,0.75,1.06
6,과학,2025-07-18,16,60.4,0.79,0.79,2.24
6,과학,2025-07-18,18,58.3,0.8,0.85,2.03
6,과학,2025-07-19,8,84.3,0.92,0.92,1.49
6,과학,2025-07-19,10,54.4,0.89,0.84,1.29
6,과학,2025-07-19,12,81.0,0.96,0.58,1.95
6,과학,2025-07-19,14,54.4,0.96,0.9,1.46
6,과학,2025-07-19,16,62.8,0.93,0.74,2.05
6,과학,2025-07-19,18,65.7,0.87,0.77,1.91
6,국어,2025-07-20,8,59.8,0.92,0.78,1.71
6,국어,2025-07-20,10,100.0,0.88,0.56,2.01
6,국어,2025-07-20,12,53.8,0.95,0.77,1.58
6,국어,2025-07-20,14,72.3,1.0,0.82,2.36
6,국어,2025-07-20,16,71.9,1.0,0.68,1.67
6,국어,2025-07-20,18,52.6,0.86,0.83,2.18
6,수학,2025-07-21,8,82.0,0.85,0.73,2.23
6,수학,2025-07-21,10,38.0,0.96,1.0,2.37
6,수학,2025-07-21,12,37.8,0.91,0.93,2.65
6,수학,2025-07-21,14,73.0,0.92,1.0,2.22
6,수학,2025-07-21,16,61.3,0.85,0.73,1.85
6,수학,2025-07-21,18,48.2,0.94,0.89,1.26
7,수학,2025-07-15,8,62.0,0.89,0.74,2.56
7,수학,2025-07-15,10,51.7,0.86,0.84,1.98
7,수학,2025-07-15,12,45.5,0.87,0.8,1.97
7,수학,2025-07-15,14,61.8,0.92,0.82,1.0
7,수학,2025-07-15,16,63.1,0.92,0.75,2.54
7,수학,2025-07-15,18,91.8,0.79,0.82,2.28
7,과학,2025-07-16,8,79.9,0.96,1.0,2.4
7,과학,2025-07-16,10,43.6,0.92,0.74,1.7
7,과학,2025-07-16,12,69.4,0.93,0.78,2.09
7,과학,2025-07-16,14,30.0,0.82,0.69,1.1
7,과학,2025-07-16,16,81.7,0.9,0.88,2.1
7,과학,2025-07-16,18,76.6,0.9,0.87,1.62
7,국어,2025-07-17,8,82.1,0.85,0.81,2.22
7,국어,2025-07-17,10,62.9,0.85,0.9,2.39
7,국어,2025-07-17,12,78.6,0.84,0.93,1.98
7,국어,2025-07-17,14,61.8,1.0,0.82,1.0
7,국어,2025-07-17,16,64.3,1.0,0.74,1.79
7,국어,2025-07-17,18,93.3,0.91,0.91,2.01
7,영어,2025-07-18,8,74.7,0.88,0.68,1.45
7,영어,2025-07-18,10,68.7,0.85,0.65,2.46
7,영어,2025-07-18,12,50.3,0.92,0.94,1.32
7,영어,2025-07-18,14,42.5,0.88,0.66,2.04
7,영어,2025-07-18,16,46.4,0.87,0.8,2.17
7,영어,2025-07-18,18,92.4,0.82,0.58,2.57
7,영어,2025-07-19,8,68.3,0.91,0.82,2.49
7,영어,2025-07-19,10,93.6,0.93,0.84,1.58
7,영어,2025-07-19,12,73.5,0.98,0.84,2.0
7,영어,2025-07-19,14,61.5,1.0,0.73,1.13
7,영어,2025-07-19,16,84.0,0.9,0.85,1.97
7,영어,2025-07-19,18,64.3,0.88,0.91,2.33
7,영어,2025-07-20,8,79.0,0.95,0.75,1.99
7,영어,2025-07-20,10,72.4,0.88,0.74,1.9
7,영어,2025-07-20,12,73.5,0.89,0.92,1.0
7,영어,2025-07-20,14,53.2,0.96,0.68,2.15
7,영어,2025-07-20,16,70.2,0.86,0.79,2.11
7,영어,2025-07-20,18,52.2,0.85,0.81,2.89
7,과학,2025-07-21,8,71.2,0.87,0.89,1.84
7,과학,2025-07-21,10,100.0,0.9,0.84,2.97
7,과학,2025-07-21,12,79.6,0.94,0.72,1.41
7,과학,2025-07-21,14,77.3,0.87,0.89,1.97
7,과학,2025-07-21,16,64.1,0.9,0.77,2.16
7,과학,2025-07-21,18,70.1,0.89,0.94,2.95
8,영어,2025-07-15,8,62.7,0.92,0.79,1.77
8,영어,2025-07-15,10,72.9,0.9,0.68,1.86
8,영어,2025-07-15,12,79.8,0.91,0.82,1.8
8,영어,2025-07-15,14,48.1,0.92,0.71,1.71
8,영어,2025-07-15,16,65.4,0.95,0.72,1.56
8,영어,2025-07-15,18,51.1,0.91,0.63,1.52
8,국어,2025-07-16,8,46.4,0.91,0.86,2.24
8,국어,2025-07-16,10,37.0,0.93,0.9,1.99
8,국어,2025-07-16,12,85.3,0.85,0.68,1.48
8,국어,2025-07-16,14,100.0,0.99,0.86,2.21
8,국어,2025-07-16,16,73.4,0.9,0.82,1.59
8,국어,2025-07-16,18,78.6,0.93,0.75,2.47
8,수학,2025-07-17,8,69.1,0.89,0.83,1.28
8,수학,2025-07-17,10,49.2,0.92,0.73,1.2
8,수학,2025-07-17,12,60.0,0.86,0.85,2.72
8,수학,2025-07-17,14,71.7,0.89,0.61,2.54
8,수학,2025-07-17,16,77.1,0.91,0.69,2.12
8,수학,2025-07-17,18,74.3,0.88,0.81,2.01
8,과학,2025-07-18,8,53.5,0.85,0.78,1.97
8,과학,2025-07-18,10,82.9,0.95,0.91,1.51
8,과학,2025-07-18,12,93.2,0.91,0.89,1.82
8,과학,2025-07-18,14,55.7,0.91,0.95,2.51
8,과학,2025-07-18,16,72.0,0.97,0.9,2.12
8,과학,2025-07-18,18,69.9,0.84,0.89,2.68
8,수학,2025-07-19,8,61.1,0.93,1.0,1.79
8,수학,2025-07-19,10,90.9,1.0,0.92,2.29
8,수학,2025-07-19,12,77.8,0.96,0.85,1.22
8,수학,2025-07-19,14,42.3,0.94,0.73,2.26
8,수학,2025-07-19,16,89.2,0.9,0.82,1.84
8,수학,2025-07-19,18,78.8,0.93,0.91,1.66
8,수학,2025-07-20,8,70.7,0.91,0.79,2.05
8,수학,2025-07-20,10,72.6,0.9,1.0,1.66
8,수학,2025-07-20,12,83.0,0.96,0.72,1.44
8,수학,2025-07-20,14,83.2,1.0,0.83,1.46
8,수학,2025-07-20,16,55.1,0.95,0.56,2.18
8,수학,2025-07-20,18,60.1,0.9,0.7,1.71
8,영어,2025-07-21,8,56.4,0.88,0.75,1.63
8,영어,2025-07-21,10,59.7,0.93,0.79,2.13
8,영어,2025-07-21,12,59.5,0.9,0.79,1.97
8,영어,2025-07-21,14,71.3,0.92,0.86,2.38
8,영어,2025-07-21,16,68.2,0.84,0.84,2.04
8,영어,2025-07-21,18,90.3,0.9,0.75,2.21
9,국어,2025-07-15,8,90.8,0.82,0.71,2.06
9,국어,2025-07-15,10,44.0,0.82,0.76,2.49
9,국어,2025-07-15,12,86.6,0.9,0.88,2.41
9,국어,2025-07-15,14,71.2,0.88,0.84,1.9
9,국어,2025-07-15,16,53.6,0.85,0.72,2.28
9,국어,2025-07-15,18,54.0,0.82,0.8,2.23
9,수학,2025-07-16,8,80.8,1.0,0.97,1.72
9,수학,2025-07-16,10,100.0,0.95,0.88,1.92
9,수학,2025-07-16,12,76.5,0.88,0.77,2.15
9,수학,2025-07-16,14,47.6,0.94,0.97,1.56
9,수학,2025-07-16,16,69.0,0.9,0.75,1.3
9,수학,2025-07-16,18,70.0,0.93,0.77,2.21
9,영어,2025-07-17,8,81.8,0.94,0.83,2.51
9,영어,2025-07-17,10,91.4,0.88,0.76,1.93
9,영어,2025-07-17,12,37.0,0.96,0.92,2.5
9,영어,2025-07-17,14,66.3,0.92,0.83,1.41
9,영어,2025-07-17,16,59.0,0.88,0.82,2.35
9,영어,2025-07-17,18,55.4,0.94,0.7,1.68
9,국어,2025-07-18,8,69.2,0.87,0.92,2.34
9,국어,2025-07-18,10,68.2,0.92,0.93,2.22
9,국어,2025-07-18,12,67.2,0.94,0.85,2.28
9,국어,2025-07-18,14,73.5,0.9,0.82,2.35
9,국어,2025-07-18,16,41.2,0.96,0.73,2.26
9,국어,2025-07-18,18,80.2,0.86,0.77,2.01
9,영어,2025-07-19,8,53.5,0.89,0.87,1.68
9,영어,2025-07-19,10,37.4,0.94,0.7,2.35
9,영어,2025-07-19,12,61.9,0.86,0.94,1.87
9,영어,2025-07-19,14,72.2,0.89,0.71,2.04
9,영어,2025-07-19,16,88.0,0.87,0.68,1.99
9,영어,2025-07-19,18,73.9,0.82,0.83,3.28
9,과학,2025-07-20,8,63.2,0.93,0.84,1.0
9,과학,2025-07-20,10,71.0,0.85,0.72,1.6
9,과학,2025-07-20,12,69.0,0.94,0.84,2.48
9,과학,2025-07-20,14,70.2,0.87,0.86,1.83
9,과학,2025-07-20,16,67.9,0.92,0.77,2.83
9,과학,2025-07-20,18,85.5,0.85,0.66,2.23
9,과학,2025-07-21,8,44.1,0.95,0.75,1.86
9,과학,2025-07-21,10,62.4,0.85,0.75,2.12
9,과학,2025-07-21,12,43.7,0.87,0.82,1.95
9,과학,2025-07-21,14,100.0,0.93,0.82,2.62
9,과학,2025-07-21,16,57.1,0.95,0.9,1.71
9,과학,2025-07-21,18,68.2,0.91,0.73,1.85
10,과학,2025-07-15,8,91.2,1.0,0.84,2.18
10,과학,2025-07-15,10,85.9,1.0,0.7,1.99
10,과학,2025-07-15,12,69.2,0.9,0.88,1.8
10,과학,2025-07-15,14,57.5,0.9,0.7,1.98
10,과학,2025-07-15,16,82.3,0.81,0.85,2.06
10,과학,2025-07-15,18,69.6,0.9,0.87,1.89
10,과학,2025-07-16,8,48.3,0.97,0.75,1.85
10,과학,2025-07-16,10,57.5,0.88,0.86,2.19
10,과학,2025-07-16,12,85.2,0.85,0.83,2.21
10,과학,2025-07-16,14,58.0,0.92,0.73,1.52
10,과학,2025-07-16,16,62.2,0.83,0.71,1.16
10,과학,2025-07-16,18,43.7,0.85,0.75,2.0
10,수학,2025-07-17,8,100.0,0.85,0.81,1.69
10,수학,2025-07-17,10,44.6,0.86,0.85,1.57
10,수학,2025-07-17,12,79.7,0.95,0.9,2.61
10,수학,2025-07-17,14,53.0,0.9,0.75,2.16
10,수학,2025-07-17,16,54.9,0.89,0.71,1.26
10,수학,2025-07-17,18,75.5,0.88,0.82,2.54
10,과학,2025-07-18,8,67.1,0.88,0.85,2.18
10,과학,2025-07-18,10,78.6,0.94,0.96,2.58
10,과학,2025-07-18,12,75.6,0.86,0.83,2.35
10,과학,2025-07-18,14,72.2,0.96,0.78,1.94
10,과학,2025-07-18,16,72.9,0.96,0.76,2.13
10,과학,2025-07-18,18,100.0,1.0,0.74,2.54
10,영어,2025-07-19,8,45.7,0.9,0.74,1.12
10,영어,2025-07-19,10,76.1,0.82,0.64,2.2
10,영어,2025-07-19,12,73.8,0.97,0.95,2.49
10,영어,2025-07-19,14,99.1,0.95,0.66,1.39
10,영어,2025-07-19,16,76.8,0.91,0.82,2.14
10,영어,2025-07-19,18,83.1,0.96,0.9,2.13
10,영어,2025-07-20,8,67.6,0.84,0.81,1.95
10,영어,2025-07-20,10,57.2,0.86,0.66,2.47
10,영어,2025-07-20,12,85.8,0.83,0.81,1.26
10,영어,2025-07-20,14,100.0,0.95,0.82,2.47
10,영어,2025-07-20,16,69.8,0.91,0.86,2.25
10,영어,2025-07-20,18,48.2,0.93,0.97,1.88
10,과학,2025-07-21,8,76.0,0.95,0.8,2.4
10,과학,2025-07-21,10,72.4,0.84,0.8,2.16
10,과학,2025-07-21,12,36.5,0.95,0.88,2.08
10,과학,2025-07-21,14,100.0,0.93,0.59,1.89
10,과학,2025-07-21,16,65.9,0.77,0.74,3.01
10,과학,2025-07-21,18,75.9,0.9,0.74,1.51
11,국어,2025-07-15,8,57.1,0.92,0.73,1.55
11,국어,2025-07-15,10,40.4,0.91,0.85,2.57
11,국어,2025-07-15,12,82.8,0.83,0.7,1.73
11,국어,2025-07-15,14,67.8,0.96,0.74,2.59
11,국어,2025-07-15,16,82.3,0.98,0.9,1.67
11,국어,2025-07-15,18,66.2,0.93,0.81,1.02
11,국어,2025-07-16,8,90.5,0.91,0.6,2.15
11,국어,2025-07-16,10,66.0,0.91,0.62,1.1
11,국어,2025-07-16,12,57.1,0.89,0.86,1.3
11,국어,2025-07-16,14,41.4,1.0,0.91,1.44
11,국어,2025-07-16,16,53.7,0.93,0.76,1.29
11,국어,2025-07-16,18,71.4,0.92,0.82,2.26
11,국어,2025-07-17,8,82.7,0.96,0.76,1.55
11,국어,2025-07-17,10,82.4,0.91,0.88,1.3
11,국어,2025-07-17,12,75.4,0.88,0.84,1.53
11,국어,2025-07-17,14,72.9,0.83,0.6,1.12
11,국어,2025-07-17,16,71.8,0.83,0.78,2.75
11,국어,2025-07-17,18,66.4,0.88,0.7,2.42
11,국어,2025-07-18,8,75.3,0.94,0.75,2.22
11,국어,2025-07-18,10,78.1,0.88,0.85,2.08
11,국어,2025-07-18,12,32.8,0.86,0.82,2.57
11,국어,2025-07-18,14,68.9,0.98,0.79,2.16
11,국어,2025-07-18,16,83.9,0.86,0.8,2.25
11,국어,2025-07-18,18,51.1,1.0,0.75,1.85
11,영어,2025-07-19,8,71.8,0.89,0.73,2.46
11,영어,2025-07-19,10,61.7,0.9,0.82,1.66
11,영어,2025-07-19,12,59.2,0.89,0.75,2.47
11,영어,2025-07-19,14,40.8,0.85,0.58,2.01
11,영어,2025-07-19,16,98.2,0.84,0.82,2.21
11,영어,2025-07-19,18,72.8,0.9,0.84,2.51
11,과학,2025-07-20,8,71.6,0.79,0.76,2.78
11,과학,2025-07-20,10,68.3,0.9,0.83,2.32
11,과학,2025-07-20,12,74.4,0.82,0.77,3.11
11,과학,2025-07-20,14,58.5,0.87,0.75,2.38
11,과학,2025-07-20,16,38.3,0.93,0.88,2.33
11,과학,2025-07-20,18,75.5,0.89,0.73,2.51
11,수학,2025-07-21,8,73.7,0.93,0.74,2.17
11,수학,2025-07-21,10,93.7,0.92,0.68,2.87
11,수학,2025-07-21,12,48.4,0.85,0.84,2.51
11,수학,2025-07-21,14,71.4,0.86,0.68,1.94
11,수학,2025-07-21,16,94.3,0.92,0.74,1.2
11,수학,2025-07-21,18,99.3,0.98,0.59,1.73
12,영어,2025-07-15,8,75.5,0.89,0.93,2.29
12,영어,2025-07-15,10,74.9,0.85,0.78,1.89
12,영어,2025-07-15,12,47.4,0.88,0.75,1.07
12,영어,2025-07-15,14,87.3,0.79,0.9,2.13
12,영어,2025-07-15,16,85.6,0.83,0.85,1.39
12,영어,2025-07-15,18,100.0,0.92,0.95,2.03
12,수학,2025-07-16,8,42.6,0.82,0.91,1.65
12,수학,2025-07-16,10,59.2,0.93,1.0,1.75
12,수학,2025-07-16,12,83.9,0.92,0.67,2.0
12,수학,2025-07-16,14,53.9,0.78,0.76,2.14
12,수학,2025-07-16,16,70.2,0.94,0.8,1.77
12,수학,2025-07-16,18,77.5,0.85,0.67,1.0
12,수학,2025-07-17,8,65.4,0.96,0.8,1.38
12,수학,2025-07-17,10,74.4,0.95,0.9,1.88
12,수학,2025-07-17,12,82.7,0.82,0.76,2.57
12,수학,2025-07-17,14,78.7,0.94,0.73,1.4
12,수학,2025-07-17,16,51.2,0.87,0.58,2.52
12,수학,2025-07-17,18,68.6,0.89,0.79,2.63
12,과학,2025-07-18,8,81.3,0.82,0.89,1.7
12,과학,2025-07-18,10,71.9,0.86,0.78,2.18
12,과학,2025-07-18,12,50.0,0.83,0.91,1.65
12,과학,2025-07-18,14,61.1,0.91,0.71,2.22
12,과학,2025-07-18,16,62.6,0.87,0.64,2.1
12,과학,2025-07-18,18,54.9,0.89,0.86,2.13
12,수학,2025-07-19,8,72.9,0.83,0.92,2.36
12,수학,2025-07-19,10,70.9,0.95,0.61,2.39
12,수학,2025-07-19,12,81.4,0.9,0.84,1.76
12,수학,2025-07-19,14,74.3,0.92,0.95,2.04
12,수학,2025-07-19,16,100.0,0.9,0.78,2.18
12,수학,2025-07-19,18,68.3,0.81,0.86,2.41
12,수학,2025-07-20,8,74.4,0.97,0.99,1.97
12,수학,2025-07-20,10,59.1,0.97,0.8,2.29
12,수학,2025-07-20,12,57.1,0.93,0.87,2.05
12,수학,2025-07-20,14,100.0,0.83,0.78,2.39
12,수학,2025-07-20,16,70.8,0.95,0.91,1.45
12,수학,2025-07-20,18,63.9,0.87,0.78,1.97
12,수학,2025-07-21,8,58.0,0.94,0.8,2.32
12,수학,2025-07-21,10,68.9,1.0,0.89,2.2
12,수학,2025-07-21,12,43.8,0.91,1.0,2.15
12,수학,2025-07-21,14,72.0,0.9,0.86,2.68
12,수학,2025-07-21,16,88.6,0.9,0.75,1.97
12,수학,2025-07-21,18,71.0,0.89,0.87,1.85
13,국어,2025-07-15,8,64.4,0.9,0.78,2.09
13,국어,2025-07-15,10,93.9,0.89,0.77,1.43
13,국어,2025-07-15,12,73.2,0.91,0.9,1.1
13,국어,2025-07-15,14,83.3,0.91,0.8,2.87
13,국어,2025-07-15,16,48.0,0.87,0.58,2.1
13,국어,2025-07-15,18,81.6,0.9,0.76,1.35
13,영어,2025-07-16,8,92.9,0.91,0.82,2.08
13,영어,2025-07-16,10,66.5,0.8,0.77,1.0
13,영어,2025-07-16,12,57.4,0.92,0.82,1.82
13,영어,2025-07-16,14,83.8,0.91,0.8,1.42
13,영어,2025-07-16,16,61.3,0.95,0.93,1.67
13,영어,2025-07-16,18,51.0,0.84,0.78,1.6
13,국어,2025-07-17,8,82.4,0.87,0.95,1.24
13,국어,2025-07-17,10,54.0,0.91,0.98,1.77
13,국어,2025-07-17,12,49.4,0.87,0.73,1.48
13,국어,2025-07-17,14,58.3,0.87,0.77,2.15
13,국어,2025-07-17,16,55.4,0.9,0.7,2.25
13,국어,2025-07-17,18,41.5,0.94,0.72,1.5
13,영어,2025-07-18,8,72.9,0.93,0.74,1.75
13,영어,2025-07-18,10,47.5,0.87,0.72,2.47
13,영어,2025-07-18,12,64.6,0.95,0.77,2.9
13,영어,2025-07-18,14,67.7,0.91,0.94,1.31
13,영어,2025-07-18,16,87.2,0.91,0.84,1.33
13,영어,2025-07-18,18,72.2,0.9,0.83,1.58
13,영어,2025-07-19,8,75.8,0.94,0.91,1.94
13,영어,2025-07-19,10,62.4,0.91,0.77,1.84
13,영어,2025-07-19,12,78.4,0.89,0.72,1.53
13,영어,2025-07-19,14,64.5,0.91,0.73,1.39
13,영어,2025-07-19,16,68.8,0.89,0.74,2.22
13,영어,2025-07-19,18,80.9,0.92,0.87,2.34
13,수학,2025-07-20,8,52.0,0.98,0.8,1.9
13,수학,2025-07-20,10,66.0,0.93,0.73,1.07
13,수학,2025-07-20,12,43.7,0.81,0.75,1.84
13,수학,2025-07-20,14,66.2,0.83,0.75,1.95
13,수학,2025-07-20,16,89.5,0.81,0.89,1.88
13,수학,2025-07-20,18,63.2,0.96,0.74,1.18
13,과학,2025-07-21,8,57.0,0.9,0.79,2.49
13,과학,2025-07-21,10,62.2,0.92,0.72,2.48
13,과학,2025-07-21,12,63.5,0.84,0.76,1.8
13,과학,2025-07-21,14,69.8,0.91,0.73,2.46
13,과학,2025-07-21,16,70.1,0.85,0.84,1.03
13,과학,2025-07-21,18,62.7,0.84,0.71,2.38
14,국어,2025-07-15,8,74.9,1.0,0.84,1.83
14,국어,2025-07-15,10,77.7,0.9,0.88,2.76
14,국어,2025-07-15,12,100.0,0.92,0.9,2.33
14,국어,2025-07-15,14,61.3,1.0,0.66,2.37
14,국어,2025-07-15,16,76.9,0.97,0.75,1.86
14,국어,2025-07-15,18,48.5,0.96,0.87,1.7
14,국어,2025-07-16,8,45.3,0.76,0.74,1.64
14,국어,2025-07-16,10,71.2,0.76,0.65,2.88
14,국어,2025-07-16,12,55.1,0.91,0.86,2.13
14,국어,2025-07-16,14,59.4,0.93,0.66,2.57
14,국어,2025-07-16,16,69.4,0.91,0.69,1.7
14,국어,2025-07-16,18,79.9,0.91,0.86,1.32
14,수학,2025-07-17,8,74.8,0.83,0.93,2.16
14,수학,2025-07-17,10,37.1,0.82,0.8,1.64
14,수학,2025-07-17,12,47.9,0.92,0.75,2.3
14,수학,2025-07-17,14,60.5,0.86,0.66,2.07
14,수학,2025-07-17,16,88.3,0.92,0.78,2.89
14,수학,2025-07-17,18,54.1,0.85,0.86,2.35
14,국어,2025-07-18,8,74.6,0.86,0.91,1.44
14,국어,2025-07-18,10,47.6,0.92,1.0,1.61
14,국어,2025-07-18,12,60.1,0.89,0.85,1.01
14,국어,2025-07-18,14,75.2,0.88,0.78,2.23
14,국어,2025-07-18,16,68.7,0.94,0.88,2.46
14,국어,2025-07-18,18,55.7,0.88,0.71,2.17
14,영어,2025-07-19,8,72.7,0.89,0.87,2.33
14,영어,2025-07-19,10,97.3,0.94,0.88,2.37
14,영어,2025-07-19,12,88.2,0.87,0.65,3.64
14,영어,2025-07-19,14,61.6,0.86,0.88,2.0
14,영어,2025-07-19,16,62.9,0.98,0.99,2.79
14,영어,2025-07-19,18,57.1,0.98,0.7,1.85
14,과학,2025-07-20,8,96.9,0.93,0.75,1.73
14,과학,2025-07-20,10,56.2,0.89,0.79,1.88
14,과학,2025-07-20,12,72.2,0.86,0.83,1.64
14,과학,2025-07-20,14,69.4,0.89,0.83,2.3
14,과학,2025-07-20,16,98.2,0.99,0.81,1.92
14,과학,2025-07-20,18,62.5,0.96,0.93,1.59
14,영어,2025-07-21,8,58.9,0.92,0.76,1.74
14,영어,2025-07-21,10,92.1,0.9,0.89,1.78
14,영어,2025-07-21,12,64.7,0.91,0.74,2.54
14,영어,2025-07-21,14,72.7,1.0,0.94,2.0
14,영어,2025-07-21,16,84.0,0.95,0.91,1.85
14,영어,2025-07-21,18,61.8,0.89,0.73,2.59
15,과학,2025-07-15,8,57.9,0.79,0.86,2.28
15,과학,2025-07-15,10,74.2,0.85,0.81,1.99
15,과학,2025-07-15,12,85.0,0.89,0.84,1.82
15,과학,2025-07-15,14,62.0,0.9,0.76,2.71
15,과학,2025-07-15,16,70.4,0.95,0.65,1.77
15,과학,2025-07-15,18,60.0,0.9,0.79,2.12
15,과학,2025-07-16,8,100.0,0.9,0.86,2.04
15,과학,2025-07-16,10,76.3,0.99,0.67,2.95
15,과학,2025-07-16,12,82.7,0.88,0.76,2.52
15,과학,2025-07-16,14,62.8,0.86,0.81,1.89
15,과학,2025-07-16,16,40.8,0.93,0.77,1.6
15,과학,2025-07-16,18,80.7,0.84,0.84,1.61
15,영어,2025-07-17,8,70.5,0.89,0.72,1.92
15,영어,2025-07-17,10,88.1,0.89,0.56,2.52
15,영어,2025-07-17,12,71.1,0.95,0.69,2.03
15,영어,2025-07-17,14,78.3,0.86,0.8,2.74
15,영어,2025-07-17,16,64.8,0.88,0.78,2.48
15,영어,2025-07-17,18,72.3,0.81,0.64,1.54
15,과학,2025-07-18,8,58.5,0.86,0.73,1.68
15,과학,2025-07-18,10,86.7,0.92,0.6,2.37
15,과학,2025-07-18,12,81.1,0.93,0.77,1.0
15,과학,2025-07-18,14,74.9,0.93,1.0,2.06
15,과학,2025-07-18,16,58.4,0.95,0.82,1.61
15,과학,2025-07-18,18,60.6,0.97,0.98,1.73
15,국어,2025-07-19,8,78.5,0.87,0.67,1.42
15,국어,2025-07-19,10,80.6,0.85,0.85,2.93
15,국어,2025-07-19,12,89.7,0.86,0.76,1.8
15,국어,2025-07-19,14,65.1,0.89,1.0,1.52
15,국어,2025-07-19,16,74.6,0.9,0.72,1.19
15,국어,2025-07-19,18,83.1,0.89,0.7,2.11
15,국어,2025-07-20,8,65.0,0.99,0.85,2.2
15,국어,2025-07-20,10,60.1,0.86,0.79,1.9
15,국어,2025-07-20,12,73.8,0.91,1.0,1.88
15,국어,2025-07-20,14,59.9,0.89,0.86,1.58
15,국어,2025-07-20,16,64.9,0.89,1.0,2.81
15,국어,2025-07-20,18,54.4,0.94,0.89,1.58
15,수학,2025-07-21,8,87.2,0.89,0.8,1.6
15,수학,2025-07-21,10,62.5,0.84,0.82,1.74
15,수학,2025-07-21,12,66.6,0.99,0.72,2.88
15,수학,2025-07-21,14,90.0,0.9,0.67,2.23
15,수학,2025-07-21,16,75.8,0.89,0.92,2.96
15,수학,2025-07-21,18,57.6,0.92,0.86,2.13
16,국어,2025-07-15,8,100.0,0.95,0.75,2.01
16,국어,2025-07-15,10,86.8,0.92,0.94,2.2
16,국어,2025-07-15,12,56.9,0.89,0.87,2.14
16,국어,2025-07-15,14,65.5,0.88,0.88,1.91
16,국어,2025-07-15,16,60.2,0.98,0.75,1.5
16,국어,2025-07-15,18,100.0,0.91,0.68,1.5
16,과학,2025-07-16,8,53.1,0.97,0.81,2.21
16,과학,2025-07-16,10,30.0,0.94,0.63,2.12
16,과학,2025-07-16,12,49.6,0.85,0.63,2.0
16,과학,2025-07-16,14,79.9,0.88,0.95,1.93
16,과학,2025-07-16,16,80.3,0.96,0.87,3.05
16,과학,2025-07-16,18,70.3,0.85,0.78,1.4
16,과학,2025-07-17,8,94.3,0.83,0.63,1.84
16,과학,2025-07-17,10,61.8,0.95,0.74,2.46
16,과학,2025-07-17,12,97.4,0.83,0.68,2.23
16,과학,2025-07-17,14,78.6,0.78,0.68,1.96
16,과학,2025-07-17,16,78.9,0.96,0.75,2.32
16,과학,2025-07-17,18,89.2,0.81,0.81,2.28
16,국어,2025-07-18,8,76.1,0.74,0.9,1.59
16,국어,2025-07-18,10,91.5,0.94,0.88,1.66
16,국어,2025-07-18,12,62.5,0.97,0.58,1.52
16,국어,2025-07-18,14,75.7,0.94,0.94,1.0
16,국어,2025-07-18,16,63.0,0.93,0.65,2.57
16,국어,2025-07-18,18,37.5,0.86,0.72,1.74
16,영어,2025-07-19,8,57.7,0.84,0.84,1.61
16,영어,2025-07-19,10,64.8,0.94,0.93,1.53
16,영어,2025-07-19,12,42.8,0.89,0.83,2.19
16,영어,2025-07-19,14,81.6,0.88,0.73,2.3
16,영어,2025-07-19,16,94.1,0.87,0.85,2.15
16,영어,2025-07-19,18,69.3,0.91,0.78,1.6
16,수학,2025-07-20,8,99.5,0.78,0.78,1.49
16,수학,2025-07-20,10,72.0,0.89,0.87,2.33
16,수학,2025-07-20,12,84.1,0.93,0.72,1.95
16,수학,2025-07-20,14,63.7,0.92,0.75,1.15
16,수학,2025-07-20,16,88.3,0.94,0.61,1.97
16,수학,2025-07-20,18,59.5,0.83,0.6,2.87
16,영어,2025-07-21,8,57.7,0.8,0.72,2.51
16,영어,2025-07-21,10,58.4,0.87,0.73,1.0
16,영어,2025-07-21,12,63.9,0.91,0.81,1.27
16,영어,2025-07-21,14,82.1,0.92,0.79,2.65
16,영어,2025-07-21,16,72.3,0.91,0.84,1.95
16,영어,2025-07-21,18,61.8,0.92,0.81,1.4
17,과학,2025-07-15,8,64.3,0.88,0.66,2.0
17,과학,2025-07-15,10,76.6,0.83,0.92,1.68
17,과학,2025-07-15,12,55.2,0.89,0.85,1.95
17,과학,2025-07-15,14,78.9,0.85,0.63,1.93
17,과학,2025-07-15,16,100.0,0.92,0.76,2.22
17,과학,2025-07-15,18,44.2,0.89,0.7,2.25
17,영어,2025-07-16,8,69.4,0.96,0.78,2.2
17,영어,2025-07-16,10,88.1,0.93,0.76,2.6
17,영어,2025-07-16,12,78.4,0.87,0.87,2.27
17,영어,2025-07-16,14,49.2,0.81,0.74,2.72
17,영어,2025-07-16,16,91.9,0.9,0.65,2.34
17,영어,2025-07-16,18,76.2,0.89,0.73,1.97
17,수학,2025-07-17,8,52.1,0.84,0.75,2.13
17,수학,2025-07-17,10,86.2,0.9,0.81,1.86
17,수학,2025-07-17,12,74.8,0.93,0.85,1.78
17,수학,2025-07-17,14,67.4,0.88,0.79,3.83
17,수학,2025-07-17,16,68.9,0.82,0.72,2.15
17,수학,2025-07-17,18,83.3,1.0,0.82,2.06
17,영어,2025-07-18,8,61.2,0.92,0.78,2.45
17,영어,2025-07-18,10,62.4,0.95,0.74,1.79
17,영어,2025-07-18,12,73.3,0.89,0.58,1.26
17,영어,2025-07-18,14,63.8,0.83,0.81,2.04
17,영어,2025-07-18,16,63.0,0.89,0.78,1.63
17,영어,2025-07-18,18,52.6,0.88,0.82,1.9
17,과학,2025-07-19,8,62.7,0.88,0.96,2.35
17,과학,2025-07-19,10,83.7,0.84,0.96,2.66
17,과학,2025-07-19,12,59.5,0.87,0.78,1.09
17,과학,2025-07-19,14,66.6,1.0,0.99,1.0
17,과학,2025-07-19,16,94.5,0.83,0.74,1.0
17,과학,2025-07-19,18,82.9,0.9,0.81,1.42
17,국어,2025-07-20,8,78.9,0.8,0.9,1.79
17,국어,2025-07-20,10,67.8,0.93,0.86,2.3
17,국어,2025-07-20,12,83.3,0.93,0.8,1.49
17,국어,2025-07-20,14,98.2,0.9,0.73,1.99
17,국어,2025-07-20,16,59.9,0.98,0.96,1.82
17,국어,2025-07-20,18,77.4,0.94,0.72,1.75
17,과학,2025-07-21,8,67.5,0.86,0.78,2.25
17,과학,2025-07-21,10,79.1,0.96,0.76,2.88
17,과학,2025-07-21,12,74.7,0.94,0.79,2.34
17,과학,2025-07-21,14,71.1,0.92,0.98,1.69
17,과학,2025-07-21,16,100.0,0.92,0.77,2.48
17,과학,2025-07-21,18,100.0,0.89,0.91,1.84
18,영어,2025-07-15,8,76.3,0.94,0.79,2.41
18,영어,2025-07-15,10,64.2,0.86,0.85,1.0
18,영어,2025-07-15,12,61.8,0.88,0.72,1.73
18,영어,2025-07-15,14,81.3,0.91,0.78,1.98
18,영어,2025-07-15,16,88.8,0.89,1.0,2.73
18,영어,2025-07-15,18,64.5,0.9,0.74,1.66
18,영어,2025-07-16,8,59.7,0.86,0.99,1.33
18,영어,2025-07-16,10,59.8,0.91,0.98,1.48
18,영어,2025-07-16,12,67.7,0.9,0.74,1.77
18,영어,2025-07-16,14,79.2,1.0,0.66,1.9
18,영어,2025-07-16,16,98.6,0.92,0.8,2.64
18,영어,2025-07-16,18,30.0,0.84,0.9,2.38
18,과학,2025-07-17,8,85.8,0.95,0.63,2.28
18,과학,2025-07-17,10,79.1,0.94,0.69,2.3
18,과학,2025-07-17,12,77.8,0.85,0.87,1.32
18,과학,2025-07-17,14,68.9,0.84,0.93,2.14
18,과학,2025-07-17,16,100.0,0.91,0.83,1.63
18,과학,2025-07-17,18,72.0,0.84,0.84,1.84
18,국어,2025-07-18,8,80.8,0.91,0.79,2.75
18,국어,2025-07-18,10,50.6,0.82,0.86,2.23
18,국어,2025-07-18,12,99.3,0.84,0.72,3.75
18,국어,2025-07-18,14,77.3,0.88,0.69,1.9
18,국어,2025-07-18,16,64.4,0.89,0.89,2.12
18,국어,2025-07-18,18,61.4,0.88,0.84,1.15
18,영어,2025-07-19,8,62.0,0.89,0.88,2.35
18,영어,2025-07-19,10,100.0,0.85,0.81,1.94
18,영어,2025-07-19,12,94.7,0.78,0.84,1.88
18,영어,2025-07-19,14,74.6,0.93,0.9,2.67
18,영어,2025-07-19,16,69.4,0.93,0.66,2.04
18,영어,2025-07-19,18,63.6,0.9,0.68,1.57
18,과학,2025-07-20,8,74.6,0.86,0.74,1.89
18,과학,2025-07-20,10,77.7,0.93,0.79,1.72
18,과학,2025-07-20,12,99.6,0.92,0.62,2.35
18,과학,2025-07-20,14,69.4,0.91,0.61,1.72
18,과학,2025-07-20,16,64.5,0.83,0.84,2.61
18,과학,2025-07-20,18,56.2,0.84,0.77,2.27
18,수학,2025-07-21,8,72.5,0.88,0.79,2.02
18,수학,2025-07-21,10,97.4,0.87,0.85,2.03
18,수학,2025-07-21,12,64.1,0.93,0.8,1.74
18,수학,2025-07-21,14,58.3,0.85,0.65,2.39
18,수학,2025-07-21,16,72.1,0.91,0.8,1.0
18,수학,2025-07-21,18,87.2,0.94,0.92,1.79
19,과학,2025-07-15,8,55.0,0.89,0.67,1.81
19,과학,2025-07-15,10,69.9,0.85,0.91,1.53
19,과학,2025-07-15,12,79.8,0.92,0.75,1.97
19,과학,2025-07-15,14,79.2,0.94,0.88,2.18
19,과학,2025-07-15,16,92.2,0.95,0.76,2.81
19,과학,2025-07-15,18,57.0,0.85,0.67,2.63
19,국어,2025-07-16,8,60.7,0.93,0.74,2.4
19,국어,2025-07-16,10,78.8,0.93,0.77,2.12
19,국어,2025-07-16,12,68.1,0.91,0.74,2.55
19,국어,2025-07-16,14,59.8,1.0,0.67,2.5
19,국어,2025-07-16,16,51.5,0.88,0.8,1.16
19,국어,2025-07-16,18,85.7,0.85,0.69,1.67
19,국어,2025-07-17,8,56.1,0.91,0.74,1.63
19,국어,2025-07-17,10,82.9,0.91,0.84,2.86
19,국어,2025-07-17,12,50.9,0.9,0.91,1.0
19,국어,2025-07-17,14,82.6,0.96,0.86,2.81
19,국어,2025-07-17,16,80.5,0.98,0.81,2.06
19,국어,2025-07-17,18,61.0,0.88,0.78,1.95
19,영어,2025-07-18,8,66.2,0.99,0.91,2.54
19,영어,2025-07-18,10,55.3,0.86,0.68,2.08
19,영어,2025-07-18,12,100.0,0.9,0.79,2.12
19,영어,2025-07-18,14,98.7,0.9,0.82,1.53
19,영어,2025-07-18,16,54.5,0.96,0.69,1.79
19,영어,2025-07-18,18,53.2,0.89,0.81,1.32
19,국어,2025-07-19,8,76.0,0.9,0.76,2.27
19,국어,2025-07-19,10,61.6,0.91,0.83,2.53
19,국어,2025-07-19,12,68.4,0.89,0.98,2.16
19,국어,2025-07-19,14,89.4,0.95,0.62,2.2
19,국어,2025-07-19,16,51.0,1.0,0.62,2.06
19,국어,2025-07-19,18,44.4,1.0,0.79,1.56
19,수학,2025-07-20,8,66.6,0.88,0.79,1.0
19,수학,2025-07-20,10,80.0,0.96,0.69,2.56
19,수학,2025-07-20,12,47.6,0.88,0.65,2.16
19,수학,2025-07-20,14,59.4,1.0,0.66,1.27
19,수학,2025-07-20,16,44.6,0.86,0.98,2.52
19,수학,2025-07-20,18,36.1,0.95,0.9,3.1
19,영어,2025-07-21,8,93.9,0.89,0.7,2.7
19,영어,2025-07-21,10,82.6,0.87,0.59,2.52
19,영어,2025-07-21,12,73.6,0.95,0.87,2.24
19,영어,2025-07-21,14,75.9,0.87,0.84,2.95
19,영어,2025-07-21,16,68.6,0.93,0.9,1.86
19,영어,2025-07-21,18,88.9,0.95,1.0,2.14
20,과학,2025-07-15,8,79.4,0.91,0.88,2.8
20,과학,2025-07-15,10,48.6,0.85,0.81,2.31
20,과학,2025-07-15,12,89.5,0.95,0.51,2.92
20,과학,2025-07-15,14,58.2,0.85,0.78,2.48
20,과학,2025-07-15,16,72.9,0.94,0.79,1.95
20,과학,2025-07-15,18,84.3,0.85,0.65,1.75
20,수학,2025-07-16,8,74.7,0.83,0.83,1.64
20,수학,2025-07-16,10,57.0,0.97,0.65,2.06
20,수학,2025-07-16,12,45.8,0.88,0.79,2.49
20,수학,2025-07-16,14,75.0,0.89,0.77,2.81
20,수학,2025-07-16,16,80.4,0.93,0.75,2.1
20,수학,2025-07-16,18,70.7,0.96,0.92,1.31
20,과학,2025-07-17,8,61.1,0.81,0.89,2.03
20,과학,2025-07-17,10,49.4,0.91,1.0,2.93
20,과학,2025-07-17,12,46.7,0.92,0.72,2.83
20,과학,2025-07-17,14,47.3,0.9,0.72,1.94
20,과학,2025-07-17,16,63.5,0.81,0.85,2.13
20,과학,2025-07-17,18,52.3,0.96,0.86,2.01
20,수학,2025-07-18,8,83.8,0.81,0.94,1.85
20,수학,2025-07-18,10,86.1,0.95,0.86,1.54
20,수학,2025-07-18,12,77.0,0.96,1.0,1.89
20,수학,2025-07-18,14,57.5,0.91,0.73,1.45
20,수학,2025-07-18,16,44.3,0.88,0.85,2.2
20,수학,2025-07-18,18,68.2,0.91,0.89,2.3
20,수학,2025-07-19,8,59.7,0.97,0.74,2.31
20,수학,2025-07-19,10,51.6,0.91,0.93,1.88
20,수학,2025-07-19,12,82.4,0.85,0.86,2.8
20,수학,2025-07-19,14,61.0,0.92,0.85,2.96
20,수학,2025-07-19,16,58.6,0.94,0.82,2.46
20,수학,2025-07-19,18,59.2,0.91,0.68,1.77
20,과학,2025-07-20,8,68.7,0.92,0.78,1.78
20,과학,2025-07-20,10,33.5,0.84,0.71,1.95
20,과학,2025-07-20,12,44.5,0.83,0.68,1.47
20,과학,2025-07-20,14,60.7,0.91,0.74,2.06
20,과학,2025-07-20,16,63.1,0.92,0.86,3.09
20,과학,2025-07-20,18,82.9,0.88,0.86,2.93
20,국어,2025-07-21,8,90.1,0.87,0.79,1.66
20,국어,2025-07-21,10,47.4,0.95,0.59,2.14
20,국어,2025-07-21,12,98.6,0.93,0.91,2.27
20,국어,2025-07-21,14,74.7,0.88,0.68,2.08
20,국어,2025-07-21,16,62.7,0.89,0.81,1.66
20,국어,2025-07-21,18,72.0,0.95,0.75,1.03
21,수학,2025-07-15,8,66.7,0.88,0.91,2.12
21,수학,2025-07-15,10,87.0,0.9,0.78,2.1
21,수학,2025-07-15,12,73.9,0.92,0.78,1.71
21,수학,2025-07-15,14,62.5,0.86,0.55,1.43
21,수학,2025-07-15,16,68.6,0.88,0.76,2.01
21,수학,2025-07-15,18,56.8,0.89,0.87,2.01
21,영어,2025-07-16,8,31.5,0.9,0.75,3.26
21,영어,2025-07-16,10,84.9,0.9,0.69,1.99
21,영어,2025-07-16,12,86.2,0.92,0.81,1.0
21,영어,2025-07-16,14,69.4,0.89,0.94,2.94
21,영어,2025-07-16,16,82.8,0.99,0.67,2.48
21,영어,2025-07-16,18,74.9,0.83,0.8,1.89
21,국어,2025-07-17,8,78.3,0.97,0.85,3.15
21,국어,2025-07-17,10,71.7,0.91,0.9,1.54
21,국어,2025-07-17,12,59.4,0.92,0.91,1.82
21,국어,2025-07-17,14,72.8,0.84,0.84,2.08
21,국어,2025-07-17,16,67.6,0.93,0.87,2.63
21,국어,2025-07-17,18,58.1,0.93,0.74,1.69
21,수학,2025-07-18,8,63.0,0.83,0.72,2.28
21,수학,2025-07-18,10,51.8,0.96,0.95,2.21
21,수학,2025-07-18,12,70.5,0.94,0.85,2.82
21,수학,2025-07-18,14,94.1,0.94,0.69,1.63
21,수학,2025-07-18,16,47.6,0.77,0.81,2.24
21,수학,2025-07-18,18,75.5,0.91,0.75,3.21
21,국어,2025-07-19,8,40.4,0.92,0.75,2.84
21,국어,2025-07-19,10,71.0,0.84,0.66,1.91
21,국어,2025-07-19,12,73.3,0.89,0.88,1.72
21,국어,2025-07-19,14,62.6,0.91,0.84,1.75
21,국어,2025-07-19,16,99.5,0.9,0.76,1.92
21,국어,2025-07-19,18,54.7,0.93,0.72,1.66
21,국어,2025-07-20,8,49.7,0.88,0.8,1.65
21,국어,2025-07-20,10,57.8,0.89,0.92,2.06
21,국어,2025-07-20,12,75.7,0.88,1.0,2.5
21,국어,2025-07-20,14,58.7,0.78,0.82,1.46
21,국어,2025-07-20,16,86.8,0.9,0.58,2.52
21,국어,2025-07-20,18,68.6,0.92,0.64,2.48
21,수학,2025-07-21,8,62.4,0.89,0.7,1.95
21,수학,2025-07-21,10,61.9,0.89,0.77,1.78
21,수학,2025-07-21,12,74.0,0.87,0.87,1.39
21,수학,2025-07-21,14,57.1,0.88,0.82,1.77
21,수학,2025-07-21,16,60.4,1.0,1.0,1.76
21,수학,2025-07-21,18,67.0,0.91,0.7,1.78
22,과학,2025-07-15,8,62.1,0.88,0.91,2.36
22,과학,2025-07-15,10,49.8,0.95,0.94,2.1
22,과학,2025-07-15,12,51.8,1.0,0.75,2.2
22,과학,2025-07-15,14,54.3,0.97,0.55,2.4
22,과학,2025-07-15,16,62.7,0.9,0.91,2.08
22,과학,2025-07-15,18,64.1,0.93,0.81,2.19
22,과학,2025-07-16,8,70.6,0.84,0.68,2.72
22,과학,2025-07-16,10,67.1,0.87,0.94,1.8
22,과학,2025-07-16,12,83.5,0.97,0.81,2.19
22,과학,2025-07-16,14,70.8,0.86,0.75,1.69
22,과학,2025-07-16,16,68.1,0.93,0.82,1.0
22,과학,2025-07-16,18,73.4,0.92,1.0,1.78
22,과학,2025-07-17,8,74.7,0.96,0.86,1.74
22,과학,2025-07-17,10,89.6,0.96,0.68,2.02
22,과학,2025-07-17,12,70.2,0.91,0.95,1.9
22,과학,2025-07-17,14,53.4,0.88,0.89,2.48
22,과학,2025-07-17,16,60.1,0.85,0.68,2.81
22,과학,2025-07-17,18,82.7,0.97,0.98,1.96
22,국어,2025-07-18,8,80.0,0.85,0.82,2.13
22,국어,2025-07-18,10,95.6,0.9,0.72,1.65
22,국어,2025-07-18,12,100.0,1.0,0.99,1.66
22,국어,2025-07-18,14,74.9,0.84,0.78,2.56
22,국어,2025-07-18,16,84.5,0.93,0.88,1.97
22,국어,2025-07-18,18,90.5,0.89,0.75,2.74
22,수학,2025-07-19,8,78.6,0.82,0.92,2.12
22,수학,2025-07-19,10,71.3,0.87,0.95,2.13
22,수학,2025-07-19,12,85.5,0.92,0.94,1.37
22,수학,2025-07-19,14,60.1,0.91,1.0,1.56
22,수학,2025-07-19,16,60.2,0.87,0.86,2.21
22,수학,2025-07-19,18,62.1,0.85,0.98,2.32
22,과학,2025-07-20,8,63.4,0.87,0.95,2.19
22,과학,2025-07-20,10,60.5,0.91,0.77,1.64
22,과학,2025-07-20,12,63.4,0.87,0.85,2.6
22,과학,2025-07-20,14,57.9,0.9,0.89,1.57
22,과학,2025-07-20,16,58.3,0.84,0.79,2.57
22,과학,2025-07-20,18,93.1,0.73,0.86,1.72
22,수학,2025-07-21,8,79.4,0.85,0.78,1.97
22,수학,2025-07-21,10,50.4,0.94,0.87,1.56
22,수학,2025-07-21,12,100.0,0.95,0.78,2.39
22,수학,2025-07-21,14,71.1,1.0,0.84,2.76
22,수학,2025-07-21,16,63.6,0.92,0.81,1.71
22,수학,2025-07-21,18,56.0,0.89,0.78,2.15
23,과학,2025-07-15,8,44.2,0.81,0.84,1.85
23,과학,2025-07-15,10,82.5,0.95,1.0,1.96
23,과학,2025-07-15,12,66.7,0.97,0.84,1.9
23,과학,2025-07-15,14,45.9,0.9,0.61,1.93
23,과학,2025-07-15,16,46.6,0.98,0.9,2.33
23,과학,2025-07-15,18,67.6,0.93,0.87,1.69
23,국어,2025-07-16,8,69.7,0.84,0.77,2.62
23,국어,2025-07-16,10,50.4,0.93,0.69,1.0
23,국어,2025-07-16,12,61.4,0.92,0.67,1.92
23,국어,2025-07-16,14,47.1,0.89,0.79,2.3
23,국어,2025-07-16,16,54.1,0.92,1.0,2.65
23,국어,2025-07-16,18,64.9,0.87,0.78,2.25
23,국어,2025-07-17,8,68.9,0.94,0.56,2.16
23,국어,2025-07-17,10,88.1,0.92,0.66,2.55
23,국어,2025-07-17,12,58.8,0.84,0.92,2.45
23,국어,2025-07-17,14,38.7,0.9,0.69,1.56
23,국어,2025-07-17,16,100.0,0.96,0.73,2.63
23,국어,2025-07-17,18,87.0,0.9,0.67,1.97
23,국어,2025-07-18,8,61.3,0.9,0.78,1.14
23,국어,2025-07-18,10,92.3,0.89,0.73,1.7
23,국어,2025-07-18,12,77.9,0.94,0.78,2.1
23,국어,2025-07-18,14,65.1,0.95,0.88,2.03
23,국어,2025-07-18,16,56.7,0.96,0.67,1.89
23,국어,2025-07-18,18,70.1,0.9,0.83,2.31
23,수학,2025-07-19,8,30.6,0.9,0.86,2.4
23,수학,2025-07-19,10,65.6,0.96,0.8,1.91
23,수학,2025-07-19,12,85.7,0.99,0.76,1.98
23,수학,2025-07-19,14,90.4,0.92,0.69,2.32
23,수학,2025-07-19,16,51.6,0.9,0.86,1.88
23,수학,2025-07-19,18,79.6,0.89,0.85,2.5
23,영어,2025-07-20,8,68.0,0.92,0.83,2.42
23,영어,2025-07-20,10,50.9,0.83,0.72,2.63
23,영어,2025-07-20,12,73.3,0.99,0.84,2.0
23,영어,2025-07-20,14,38.3,0.82,0.66,1.98
23,영어,2025-07-20,16,74.1,0.9,0.9,1.5
23,영어,2025-07-20,18,80.4,0.94,0.86,2.6
23,국어,2025-07-21,8,70.2,0.93,0.94,2.37
23,국어,2025-07-21,10,57.0,0.85,0.74,2.05
23,국어,2025-07-21,12,68.2,0.95,0.71,2.81
23,국어,2025-07-21,14,38.7,0.87,0.76,2.46
23,국어,2025-07-21,16,68.1,0.98,0.78,1.8
23,국어,2025-07-21,18,41.9,0.88,0.67,2.59
24,영어,2025-07-15,8,73.8,0.88,0.87,2.19
24,영어,2025-07-15,10,64.1,0.91,0.84,2.31
24,영어,2025-07-15,12,79.9,0.81,0.76,1.7
24,영어,2025-07-15,14,68.5,0.87,0.82,2.01
24,영어,2025-07-15,16,68.8,0.93,0.67,1.86
24,영어,2025-07-15,18,63.9,0.8,0.89,1.46
24,영어,2025-07-16,8,74.2,0.9,0.69,1.59
24,영어,2025-07-16,10,53.6,0.89,1.0,1.34
24,영어,2025-07-16,12,87.6,0.89,0.72,1.11
24,영어,2025-07-16,14,57.8,0.96,0.87,1.5
24,영어,2025-07-16,16,74.0,0.88,0.8,1.81
24,영어,2025-07-16,18,63.6,0.87,0.8,1.48
24,수학,2025-07-17,8,54.1,0.89,0.75,1.11
24,수학,2025-07-17,10,80.9,0.93,0.61,2.21
24,수학,2025-07-17,12,59.6,0.91,0.83,1.5
24,수학,2025-07-17,14,58.2,0.87,0.64,2.35
24,수학,2025-07-17,16,61.8,0.87,0.78,2.07
24,수학,2025-07-17,18,90.2,0.9,0.78,1.1
24,영어,2025-07-18,8,74.1,0.87,0.88,1.19
24,영어,2025-07-18,10,99.5,0.85,0.7,2.39
24,영어,2025-07-18,12,50.4,0.87,0.72,1.0
24,영어,2025-07-18,14,43.2,0.95,0.93,1.1
24,영어,2025-07-18,16,94.8,0.85,0.73,2.55
24,영어,2025-07-18,18,90.3,0.96,0.84,2.53
24,수학,2025-07-19,8,51.9,0.84,0.85,2.86
24,수학,2025-07-19,10,80.9,0.84,0.84,1.88
24,수학,2025-07-19,12,70.1,0.93,0.88,2.04
24,수학,2025-07-19,14,60.8,0.86,1.0,1.72
24,수학,2025-07-19,16,62.7,0.9,0.85,1.65
24,수학,2025-07-19,18,66.1,0.93,0.91,1.55
24,과학,2025-07-20,8,65.7,0.82,0.8,1.94
24,과학,2025-07-20,10,56.1,0.87,0.79,2.42
24,과학,2025-07-20,12,58.0,0.91,0.78,2.07
24,과학,2025-07-20,14,51.8,0.93,0.89,2.52
24,과학,2025-07-20,16,66.1,0.97,0.76,2.64
24,과학,2025-07-20,18,48.0,0.91,0.89,2.0
24,국어,2025-07-21,8,99.7,0.97,0.62,2.19
24,국어,2025-07-21,10,67.0,0.81,0.75,2.05
24,국어,2025-07-21,12,53.1,0.93,0.7,2.43
24,국어,2025-07-21,14,65.9,0.93,0.81,2.22
24,국어,2025-07-21,16,64.8,0.91,1.0,1.95
24,국어,2025-07-21,18,90.2,0.9,0.69,2.15
25,국어,2025-07-15,8,78.2,0.87,0.62,1.5
25,국어,2025-07-15,10,70.6,0.88,0.63,3.51
25,국어,2025-07-15,12,68.6,0.89,0.66,2.2
25,국어,2025-07-15,14,58.1,0.87,0.59,1.49
25,국어,2025-07-15,16,64.5,0.89,0.65,2.18
25,국어,2025-07-15,18,70.4,0.89,0.74,2.05
25,과학,2025-07-16,8,59.1,0.89,0.92,1.76
25,과학,2025-07-16,10,58.5,0.89,0.82,2.72
25,과학,2025-07-16,12,63.7,0.93,0.68,2.29
25,과학,2025-07-16,14,78.2,0.95,1.0,1.83
25,과학,2025-07-16,16,64.9,0.89,0.89,2.29
25,과학,2025-07-16,18,55.5,0.88,0.88,2.04
25,수학,2025-07-17,8,89.9,0.98,0.67,3.11
25,수학,2025-07-17,10,57.4,0.84,0.88,1.89
25,수학,2025-07-17,12,72.2,0.89,0.89,2.16
25,수학,2025-07-17,14,62.7,0.86,0.76,1.69
25,수학,2025-07-17,16,80.2,0.87,0.59,1.08
25,수학,2025-07-17,18,56.2,0.92,0.72,1.64
25,영어,2025-07-18,8,45.6,0.95,0.75,2.19
25,영어,2025-07-18,10,63.4,0.9,0.8,2.08
25,영어,2025-07-18,12,91.2,0.83,0.8,1.76
25,영어,2025-07-18,14,89.0,0.87,0.76,2.36
25,영어,2025-07-18,16,74.6,0.77,0.82,2.35
25,영어,2025-07-18,18,73.3,0.87,0.86,1.4
25,과학,2025-07-19,8,79.1,0.94,0.89,1.14
25,과학,2025-07-19,10,75.2,0.92,0.7,1.5
25,과학,2025-07-19,12,67.8,0.89,0.83,2.14
25,과학,2025-07-19,14,39.4,0.93,0.83,1.99
25,과학,2025-07-19,16,84.5,0.99,0.67,2.52
25,과학,2025-07-19,18,80.1,0.85,0.95,2.07
25,영어,2025-07-20,8,88.2,0.9,0.77,1.32
25,영어,2025-07-20,10,64.8,0.89,0.78,1.29
25,영어,2025-07-20,12,60.2,0.9,0.82,2.2
25,영어,2025-07-20,14,68.0,0.95,0.84,1.69
25,영어,2025-07-20,16,56.4,0.84,0.85,1.91
25,영어,2025-07-20,18,59.9,0.79,0.6,1.95
25,수학,2025-07-21,8,55.4,0.88,0.81,2.7
25,수학,2025-07-21,10,98.6,0.94,0.85,2.35
25,수학,2025-07-21,12,95.1,0.93,0.88,2.27
25,수학,2025-07-21,14,95.6,0.93,0.7,1.68
25,수학,2025-07-21,16,100.0,0.87,0.61,3.0
25,수학,2025-07-21,18,62.0,0.9,0.84,1.91
26,과학,2025-07-15,8,95.0,0.9,0.75,1.55
26,과학,2025-07-15,10,43.0,0.89,0.79,2.05
26,과학,2025-07-15,12,63.0,0.88,0.82,1.13
26,과학,2025-07-15,14,64.1,0.78,0.93,2.34
26,과학,2025-07-15,16,93.3,0.8,0.79,1.23
26,과학,2025-07-15,18,66.6,0.93,0.87,2.62
26,국어,2025-07-16,8,97.3,0.81,0.76,2.8
26,국어,2025-07-16,10,65.0,0.87,0.95,2.6
26,국어,2025-07-16,12,81.1,0.93,0.76,1.79
26,국어,2025-07-16,14,62.3,0.83,0.74,2.29
26,국어,2025-07-16,16,68.3,0.98,0.86,2.14
26,국어,2025-07-16,18,63.6,1.0,0.74,1.89
26,수학,2025-07-17,8,64.3,0.87,0.92,2.11
26,수학,2025-07-17,10,69.8,0.98,0.87,1.72
26,수학,2025-07-17,12,64.3,0.9,0.93,2.63
26,수학,2025-07-17,14,59.2,0.92,0.71,2.14
26,수학,2025-07-17,16,94.8,0.95,0.79,1.33
26,수학,2025-07-17,18,93.2,0.88,0.68,2.32
26,과학,2025-07-18,8,89.2,0.89,0.81,1.84
26,과학,2025-07-18,10,77.1,0.82,0.83,2.44
26,과학,2025-07-18,12,51.0,0.89,0.91,1.98
26,과학,2025-07-18,14,63.3,0.86,0.77,2.01
26,과학,2025-07-18,16,61.6,0.86,0.67,1.69
26,과학,2025-07-18,18,75.7,0.83,0.92,3.21
26,수학,2025-07-19,8,56.5,0.93,0.81,2.44
26,수학,2025-07-19,10,81.6,0.89,0.91,2.23
26,수학,2025-07-19,12,83.2,0.96,0.82,2.49
26,수학,2025-07-19,14,100.0,0.87,1.0,2.9
26,수학,2025-07-19,16,39.3,0.99,0.87,2.22
26,수학,2025-07-19,18,80.3,0.93,0.77,1.62
26,과학,2025-07-20,8,75.7,0.91,0.77,1.79
26,과학,2025-07-20,10,79.3,0.92,0.74,2.47
26,과학,2025-07-20,12,47.5,0.83,0.82,2.15
26,과학,2025-07-20,14,68.8,0.84,0.77,2.54
26,과학,2025-07-20,16,81.5,0.84,0.83,2.05
26,과학,2025-07-20,18,52.2,0.88,0.87,1.99
26,국어,2025-07-21,8,71.6,0.88,0.9,2.06
26,국어,2025-07-21,10,74.3,0.87,0.76,2.07
26,국어,2025-07-21,12,95.3,0.84,0.89,2.21
26,국어,2025-07-21,14,90.1,0.87,0.74,1.97
26,국어,2025-07-21,16,61.1,0.96,0.79,2.39
26,국어,2025-07-21,18,73.4,0.9,0.9,1.78
27,수학,2025-07-15,8,88.8,0.91,0.85,2.07
27,수학,2025-07-15,10,58.3,0.9,0.77,2.84
27,수학,2025-07-15,12,79.8,0.84,0.71,2.99
27,수학,2025-07-15,14,75.0,0.88,0.67,2.36
27,수학,2025-07-15,16,68.9,0.88,0.52,2.01
27,수학,2025-07-15,18,90.8,0.87,0.78,1.93
27,영어,2025-07-16,8,61.0,0.89,0.9,2.15
27,영어,2025-07-16,10,100.0,0.93,0.82,2.65
27,영어,2025-07-16,12,59.2,0.91,0.92,1.52
27,영어,2025-07-16,14,55.8,1.0,0.87,2.02
27,영어,2025-07-16,16,88.6,0.91,0.77,1.92
27,영어,2025-07-16,18,63.3,0.89,0.75,2.33
27,수학,2025-07-17,8,61.9,0.9,0.74,1.55
27,수학,2025-07-17,10,46.8,0.85,0.79,2.22
27,수학,2025-07-17,12,73.6,0.97,0.93,1.43
27,수학,2025-07-17,14,60.8,0.87,0.84,2.27
27,수학,2025-07-17,16,83.5,0.9,0.79,2.69
27,수학,2025-07-17,18,73.6,0.89,0.63,1.69
27,수학,2025-07-18,8,64.4,0.9,0.82,1.95
27,수학,2025-07-18,10,70.9,0.86,0.8,2.05
27,수학,2025-07-18,12,64.9,0.87,0.87,1.4
27,수학,2025-07-18,14,58.0,0.96,0.96,2.71
27,수학,2025-07-18,16,58.7,1.0,0.8,2.16
27,수학,2025-07-18,18,63.5,0.84,0.72,2.12
27,영어,2025-07-19,8,81.3,0.89,0.75,2.03
27,영어,2025-07-19,10,79.2,0.93,0.75,2.74
27,영어,2025-07-19,12,94.1,0.93,0.82,1.13
27,영어,2025-07-19,14,57.6,0.83,0.89,1.48
27,영어,2025-07-19,16,40.5,0.89,0.72,2.06
27,영어,2025-07-19,18,50.1,0.94,0.65,2.29
27,수학,2025-07-20,8,69.0,0.93,0.87,1.98
27,수학,2025-07-20,10,83.9,0.94,0.95,3.17
27,수학,2025-07-20,12,69.3,0.9,0.79,2.62
27,수학,2025-07-20,14,70.4,0.88,0.72,1.0
27,수학,2025-07-20,16,75.2,0.98,0.73,2.56
27,수학,2025-07-20,18,68.9,0.94,0.79,1.78
27,수학,2025-07-21,8,70.3,0.8,0.77,1.8
27,수학,2025-07-21,10,78.1,0.77,0.67,1.97
27,수학,2025-07-21,12,43.4,0.92,0.8,1.6
27,수학,2025-07-21,14,81.2,0.9,0.72,1.3
27,수학,2025-07-21,16,44.9,1.0,0.76,2.04
27,수학,2025-07-21,18,67.8,0.8,0.8,2.07
28,국어,2025-07-15,8,50.6,0.9,0.6,2.3
28,국어,2025-07-15,10,46.1,0.94,0.89,2.17
28,국어,2025-07-15,12,70.2,0.85,0.93,1.9
28,국어,2025-07-15,14,74.8,0.87,0.79,2.05
28,국어,2025-07-15,16,81.0,0.85,0.86,1.38
28,국어,2025-07-15,18,73.2,0.96,0.84,2.12
28,영어,2025-07-16,8,36.1,0.94,0.79,2.06
28,영어,2025-07-16,10,55.1,0.88,0.9,2.69
28,영어,2025-07-16,12,67.0,0.9,0.89,2.23
28,영어,2025-07-16,14,86.7,0.91,0.84,2.89
28,영어,2025-07-16,16,60.3,0.94,0.79,1.55
28,영어,2025-07-16,18,73.8,0.91,0.9,2.15
28,국어,2025-07-17,8,78.2,0.88,0.63,2.07
28,국어,2025-07-17,10,94.5,0.8,0.77,2.22
28,국어,2025-07-17,12,91.4,0.89,0.83,1.73
28,국어,2025-07-17,14,51.4,0.93,0.91,2.05
28,국어,2025-07-17,16,78.1,0.83,0.71,2.64
28,국어,2025-07-17,18,66.4,0.94,0.86,2.3
28,영어,2025-07-18,8,57.2,0.88,0.86,2.48
28,영어,2025-07-18,10,80.5,0.95,0.65,1.74
28,영어,2025-07-18,12,78.4,0.9,0.9,1.5
28,영어,2025-07-18,14,53.9,0.84,0.8,1.3
28,영어,2025-07-18,16,74.3,0.82,0.69,2.24
28,영어,2025-07-18,18,63.1,0.98,0.84,1.96
28,국어,2025-07-19,8,75.7,0.8,0.69,1.21
28,국어,2025-07-19,10,56.2,0.86,0.81,2.16
28,국어,2025-07-19,12,52.3,0.95,0.91,1.74
28,국어,2025-07-19,14,50.0,0.9,0.82,1.02
28,국어,2025-07-19,16,79.3,0.89,0.87,1.83
28,국어,2025-07-19,18,75.6,0.86,0.77,1.77
28,수학,2025-07-20,8,63.9,0.94,0.87,2.11
28,수학,2025-07-20,10,61.6,0.89,0.72,1.87
28,수학,2025-07-20,12,82.2,0.97,0.78,2.18
28,수학,2025-07-20,14,64.4,0.95,0.79,1.03
28,수학,2025-07-20,16,64.8,0.87,0.86,1.6
28,수학,2025-07-20,18,80.2,0.94,0.66,1.3
28,국어,2025-07-21,8,62.2,0.92,0.83,2.33
28,국어,2025-07-21,10,74.1,0.91,0.84,2.62
28,국어,2025-07-21,12,98.3,0.86,0.78,2.17
28,국어,2025-07-21,14,90.2,0.89,0.69,1.62
28,국어,2025-07-21,16,95.8,0.84,0.75,1.71
28,국어,2025-07-21,18,73.6,0.89,0.71,2.9
29,과학,2025-07-15,8,59.6,0.93,0.67,1.73
29,과학,2025-07-15,10,88.1,0.87,0.94,1.67
29,과학,2025-07-15,12,63.5,0.85,0.77,2.17
29,과학,2025-07-15,14,57.3,0.87,0.77,1.93
29,과학,2025-07-15,16,65.0,0.89,0.9,1.92
29,과학,2025-07-15,18,74.3,0.84,0.8,1.68
29,과학,2025-07-16,8,81.5,0.9,0.78,2.9
29,과학,2025-07-16,10,47.6,0.83,0.7,2.21
29,과학,2025-07-16,12,76.8,0.87,0.86,1.73
29,과학,2025-07-16,14,55.0,0.89,1.0,2.59
29,과학,2025-07-16,16,63.4,0.92,0.87,2.03
29,과학,2025-07-16,18,89.9,0.95,0.86,1.98
29,과학,2025-07-17,8,39.2,0.87,0.8,2.4
29,과학,2025-07-17,10,51.3,0.85,0.73,1.23
29,과학,2025-07-17,12,68.8,0.84,0.89,2.37
29,과학,2025-07-17,14,67.1,0.91,0.77,1.35
29,과학,2025-07-17,16,72.5,0.98,1.0,1.98
29,과학,2025-07-17,18,76.0,0.91,0.79,2.35
29,영어,2025-07-18,8,75.4,0.88,0.78,2.47
29,영어,2025-07-18,10,68.6,0.95,0.71,1.33
29,영어,2025-07-18,12,75.4,0.92,0.86,1.4
29,영어,2025-07-18,14,70.8,0.93,0.74,1.39
29,영어,2025-07-18,16,76.1,0.9,0.67,2.58
29,영어,2025-07-18,18,78.7,0.92,0.87,1.97
29,영어,2025-07-19,8,85.4,0.88,1.0,2.35
29,영어,2025-07-19,10,92.1,0.97,0.94,1.29
29,영어,2025-07-19,12,47.1,0.93,0.73,1.77
29,영어,2025-07-19,14,76.9,0.96,0.93,1.68
29,영어,2025-07-19,16,52.8,1.0,0.88,1.63
29,영어,2025-07-19,18,63.5,0.95,0.85,3.01
29,국어,2025-07-20,8,42.7,0.86,0.87,1.86
29,국어,2025-07-20,10,54.9,0.8,0.85,1.78
29,국어,2025-07-20,12,84.7,0.9,0.96,2.57
29,국어,2025-07-20,14,53.8,0.94,0.91,2.65
29,국어,2025-07-20,16,86.3,0.9,0.79,2.44
29,국어,2025-07-20,18,78.8,0.95,0.87,1.93
29,수학,2025-07-21,8,88.2,0.84,0.95,2.74
29,수학,2025-07-21,10,66.9,0.86,0.85,1.55
29,수학,2025-07-21,12,71.3,0.94,0.88,1.53
29,수학,2025-07-21,14,72.7,0.93,0.87,2.23
29,수학,2025-07-21,16,84.4,0.92,0.79,2.79
29,수학,2025-07-21,18,77.0,0.88,0.71,1.74
30,영어,2025-07-15,8,65.6,0.87,0.64,2.12
30,영어,2025-07-15,10,80.9,0.94,0.85,2.05
30,영어,2025-07-15,12,87.8,0.94,0.89,1.48
30,영어,2025-07-15,14,91.5,0.86,0.69,2.12
30,영어,2025-07-15,16,60.1,0.88,0.85,2.46
30,영어,2025-07-15,18,66.4,0.85,0.72,3.53
30,수학,2025-07-16,8,65.5,0.92,0.69,2.53
30,수학,2025-07-16,10,78.6,0.87,0.93,2.74
30,수학,2025-07-16,12,75.0,1.0,0.83,1.9
30,수학,2025-07-16,14,57.9,0.86,0.76,1.37
30,수학,2025-07-16,16,76.3,0.89,0.87,2.34
30,수학,2025-07-16,18,77.3,0.87,0.88,1.18
30,수학,2025-07-17,8,58.8,0.85,0.78,2.41
30,수학,2025-07-17,10,66.1,0.83,0.82,2.29
30,수학,2025-07-17,12,64.8,0.93,0.82,1.71
30,수학,2025-07-17,14,87.5,0.89,1.0,2.36
30,수학,2025-07-17,16,72.7,0.87,0.73,2.03
30,수학,2025-07-17,18,44.3,0.91,0.74,1.0
30,영어,2025-07-18,8,64.9,0.96,0.6,2.12
30,영어,2025-07-18,10,55.7,0.92,0.74,2.14
30,영어,2025-07-18,12,99.6,0.85,0.72,1.64
30,영어,2025-07-18,14,72.3,0.92,0.87,1.89
30,영어,2025-07-18,16,100.0,0.82,0.81,2.24
30,영어,2025-07-18,18,56.8,0.77,0.92,1.68
30,국어,2025-07-19,8,94.1,0.87,0.81,1.45
30,국어,2025-07-19,10,59.1,0.92,0.69,1.0
30,국어,2025-07-19,12,48.8,0.96,0.82,2.42
30,국어,2025-07-19,14,47.5,0.83,0.85,1.97
30,국어,2025-07-19,16,71.3,0.9,0.74,2.26
30,국어,2025-07-19,18,55.2,0.85,0.79,1.92
30,국어,2025-07-20,8,53.7,0.88,1.0,2.52
30,국어,2025-07-20,10,91.0,0.88,0.81,1.94
30,국어,2025-07-20,12,34.1,0.92,0.82,2.2
30,국어,2025-07-20,14,36.4,0.99,0.97,2.87
30,국어,2025-07-20,16,67.3,0.89,0.65,2.07
30,국어,2025-07-20,18,46.9,0.92,0.78,2.81
30,영어,2025-07-21,8,66.7,0.97,0.73,2.05
30,영어,2025-07-21,10,83.1,0.88,0.69,2.59
30,영어,2025-07-21,12,64.0,0.9,0.85,1.58
30,영어,2025-07-21,14,56.9,0.94,0.84,2.33
30,영어,2025-07-21,16,69.5,0.94,0.76,2.44
30,영어,2025-07-21,18,54.0,0.91,0.6,2.27
